[{"id":"1","datePlayed":"2014-10-30T16:23:56.016Z","winner":"paul","loser":"greg","sets":[{"winner":{"name":"paul","points":21},"loser":{"name":"bill","points":0}},{"winner":{"name":"paul","points":21},"loser":{"name":"bill","points":0}}]},{"id":"2","datePlayed":"2013-11-01T16:23:56.016Z","winner":"chris","loser":"dan","sets":[{"winner":{"name":"chris","points":21},"loser":{"name":"dan","points":0}},{"winner":{"name":"chris","points":21},"loser":{"name":"dan","points":0}}]},{"id":"3","datePlayed":"2016-11-21T16:23:56.015Z","winner":"marty","loser":"stephen","sets":[{"winner":{"name":"marty","points":21},"loser":{"name":"stephen","points":0}},{"winner":{"name":"marty","points":21},"loser":{"name":"stephen","points":0}}]},{"id":"4","datePlayed":"2016-10-30T16:23:56.027Z","winner":"mr.x","loser":"mr.sir","sets":[{"winner":{"name":"mr.x","points":22},"loser":{"name":"mr.sir","points":20}},{"winner":{"name":"mr.x","points":42},"loser":{"name":"mr.sir","points":40}}]}]